,PercentTradesNeverDelq_2<=0.5_importance,MaxDelq2PublicRecLast12M_0<=0.5_importance,MSinceMostRecentInqexcl7days_1<=0.5_importance,NetFractionRevolvingBurden_0<=0.5_importance,NetFractionRevolvingBurden_4<=0.5_importance,AverageMInFile_0<=0.5_importance,train_acc,train_f1,test_acc_complete,test_f1_complete,test_acc_all,test_f1_all,n_leaves,train_loss
0,0.0,0.08075165058405287,0.0,0.0,0.061791095310648414,0.0594210259014728,0.697138987641781,0.699277189443604,0.6735647530040053,0.6750830564784053,0.5979789103690686,0.6045808124459809,5,0.30286101235821883
1,0.0,0.0753343490773658,0.0,0.0,0.06822414084983919,0.06466903673607582,0.697138987641781,0.699277189443604,0.6735647530040053,0.6750830564784053,0.5294376098418277,0.5037071362372567,5,0.30286101235821883
2,0.0766886744540376,0.0,0.01574403250380907,0.0,0.042153377348908116,0.060775351278144596,0.697138987641781,0.7138057910734282,0.6755674232309746,0.6904458598726114,0.3165641476274165,0.38334985133795835,5,0.3028610123582197
3,0.0,0.0865075334349078,0.0,0.0,0.0729642796681903,0.05722024716438123,0.697138987641781,0.699277189443604,0.6735647530040053,0.6750830564784053,0.594463971880492,0.5997398091934085,5,0.30286101235821883
4,0.0,0.08803114948366342,0.0,0.0,0.09835788048078553,0.0,0.664973759945827,0.6231194058274614,0.6328437917222964,0.5807926829268293,0.5481107205623902,0.501574993942331,3,0.3350262400541696
5,0.13458608430675467,0.0,0.0,0.0,0.0,0.07330286101235828,0.680717792449636,0.7021478205938092,0.6562082777036048,0.68032278088144,0.43321616871704743,0.5427153491669621,4,0.3192822075503674
6,0.1252750973421365,0.0,0.0,0.0,0.06466903673607582,0.0,0.6819028271542238,0.693424702235275,0.6435246995994659,0.6496062992125984,0.5514059753954306,0.5633019674935843,4,0.3180971728457797
7,0.12781445742339603,0.0,0.0,0.0,0.0,0.06517690875232773,0.680717792449636,0.7021478205938092,0.6562082777036048,0.68032278088144,0.5905096660808435,0.6215996751928542,4,0.319282207550367
8,0.11240900626375483,0.0,0.0,0.0,0.06636194345691548,0.0,0.6819028271542238,0.693424702235275,0.6435246995994659,0.6496062992125984,0.5514059753954306,0.5633019674935843,4,0.31809717284577865
9,0.07245640765193839,0.0,0.0,0.0076180802437786355,0.051125782969358435,0.06026747926189269,0.7012019637717962,0.7205067300079177,0.6755674232309746,0.6912325285895807,0.5804042179261862,0.5992446496013428,5,0.29879803622820494
10,0.08346030133739635,0.0,0.022346368715083775,0.0,0.042153377348908116,0.052310817673946186,0.697138987641781,0.7138057910734282,0.6755674232309746,0.6904458598726114,0.3216168717047452,0.39068666140489344,5,0.30286101235822016
11,0.11731843575418988,0.0,0.0,0.0,0.05366514305061787,0.05264939901811405,0.7005248010834603,0.7341848234410218,0.670894526034713,0.7060226595110316,0.5764499121265377,0.6145541783286685,5,0.2994751989165425
12,0.11528694768918235,0.0,0.0,0.0,0.06196038598273235,0.0,0.6819028271542238,0.693424702235275,0.6435246995994659,0.6496062992125984,0.5514059753954306,0.5633019674935843,4,0.31809717284577865
13,0.0,0.08058235991196883,0.0,0.00964956830878616,0.054003724394785846,0.07059421025901469,0.697138987641781,0.699277189443604,0.6735647530040053,0.6750830564784053,0.5979789103690686,0.6045808124459809,5,0.30286101235822016
14,0.1178263077704419,0.0,0.0,0.013712544438801433,0.03656678517013712,0.03622820382596925,0.7018791264601321,0.7318410232983097,0.6662216288384513,0.6966019417475728,0.5898506151142355,0.6283097750348398,5,0.2981208735398694
15,0.11207042491958685,0.0,0.0,0.0,0.048925004232266756,0.04689351616725912,0.7005248010834603,0.7341848234410218,0.670894526034713,0.7060226595110316,0.5764499121265377,0.6145541783286685,5,0.299475198916542
16,0.0,0.07618080243778569,0.0,0.0,0.07635009310986962,0.06416116471982392,0.697138987641781,0.699277189443604,0.6735647530040053,0.6750830564784053,0.5467926186291739,0.5306029579067122,5,0.30286101235821883
17,0.10868461147790753,0.0,0.0,0.0,0.055019468427289664,0.05264939901811405,0.7005248010834603,0.7341848234410218,0.670894526034713,0.7060226595110316,0.6034710017574693,0.6478048780487805,5,0.2994751989165425
18,0.0,0.08599966141865578,0.016251904520060867,0.0,0.05349585237853394,0.05044862028102248,0.6937531742001015,0.6848981013760669,0.6755674232309746,0.6657496561210454,0.3134885764499121,0.3636733862757076,5,0.30624682579989915
19,0.10699170475706787,0.0,0.0,0.0,0.057389537836465165,0.05248010834603012,0.7005248010834603,0.7341848234410218,0.670894526034713,0.7060226595110316,0.5764499121265377,0.6145541783286685,5,0.299475198916542
20,0.0,0.08109023192822074,0.0,0.0,0.0711020822752666,0.06111393262231257,0.697138987641781,0.699277189443604,0.6735647530040053,0.6750830564784053,0.5801845342706503,0.5797228942159666,5,0.30286101235821883
21,0.10699170475706787,0.0,0.0,0.0,0.0514643643135263,0.052310817673946186,0.7005248010834603,0.7341848234410218,0.670894526034713,0.7060226595110316,0.5764499121265377,0.6145541783286685,5,0.29947519891654073
22,0.13086168952090738,0.0,0.0,0.0,0.0,0.07144066361943457,0.680717792449636,0.7021478205938092,0.6562082777036048,0.68032278088144,0.5905096660808435,0.6215996751928542,3,0.31928220755036646
23,0.0,0.09057050956492296,0.0,0.0,0.0,0.08159810394447264,0.6560013543253767,0.6234247590808006,0.6388518024032043,0.6093862815884477,0.5749121265377856,0.5477915400794579,3,0.3439986456746201
24,0.13712544438801422,0.0,0.0,0.0,0.0,0.06957846622651098,0.680717792449636,0.7021478205938092,0.6562082777036048,0.68032278088144,0.5727152899824253,0.5985552115583075,4,0.3192822075503672
25,0.11003893685457933,0.0,0.0,0.0,0.05417301506686978,0.05772811918063314,0.7005248010834603,0.7341848234410218,0.670894526034713,0.7060226595110316,0.4986818980667838,0.5090361445783133,5,0.2994751989165425
26,0.09023192822075499,0.04062976130015228,0.0,0.0,0.0,0.06771626883358728,0.6798713390892162,0.7081339712918661,0.6582109479305741,0.6893203883495146,0.5922671353251318,0.6288,4,0.32012866091078684
27,0.0,0.08109023192822074,0.0,0.0,0.07076350093109873,0.06653123412899953,0.697138987641781,0.699277189443604,0.6735647530040053,0.6750830564784053,0.5766695957820738,0.5747075700728316,5,0.30286101235821883
28,0.11528694768918224,0.0,0.0,0.0,0.058574572541052916,0.05264939901811405,0.7005248010834603,0.7341848234410218,0.670894526034713,0.7060226595110316,0.5942442882249561,0.6366319102891993,5,0.29947519891654034
29,0.0,0.07973590655154905,0.0,0.0,0.06940917555442694,0.05755882850854921,0.697138987641781,0.699277189443604,0.6735647530040053,0.6750830564784053,0.5766695957820738,0.5747075700728316,5,0.30286101235821883
30,0.07990519722363298,0.044354156085999685,0.0,0.0,0.05044862028102248,0.052310817673946186,0.6973082783138649,0.7363609554703627,0.6735647530040053,0.7142022209234365,0.5836994727592267,0.6282126741220325,5,0.3026917216861358
31,0.13763331640426613,0.0,0.0,0.0,0.0,0.07177924496360255,0.680717792449636,0.7021478205938092,0.6562082777036048,0.68032278088144,0.5905096660808435,0.6215996751928542,4,0.3192822075503672
32,0.10936177416624338,0.0,0.0,0.0,0.05417301506686978,0.052310817673946186,0.7005248010834603,0.7341848234410218,0.670894526034713,0.7060226595110316,0.5927065026362038,0.6347517730496454,5,0.29947519891654184
33,0.13763331640426613,0.0,0.00964956830878616,0.0,0.0,0.05637379380396135,0.6813949551379719,0.6983007374158384,0.6608811748998665,0.6788874841972187,0.5454745166959578,0.5580004272591327,4,0.3186050448620306
34,0.0,0.08125952260030478,0.0,0.0,0.06619265278483155,0.05248010834603012,0.697138987641781,0.699277189443604,0.6735647530040053,0.6750830564784053,0.5294376098418277,0.5037071362372567,5,0.30286101235821894
35,0.08735398679532758,0.040968342644320255,0.0,0.0,0.0631454206873201,0.0,0.6813949551379719,0.7006045179764556,0.6495327102803738,0.6649649010848756,0.5713971880492091,0.5963169873784399,4,0.3186050448620305
36,0.0,0.0766886744540376,0.0,0.0,0.06822414084983919,0.06162180463856448,0.697138987641781,0.699277189443604,0.6735647530040053,0.6750830564784053,0.5766695957820738,0.5747075700728316,5,0.30286101235821883
37,0.0,0.07448789571694603,0.0,0.02539360081259523,0.052310817673946186,0.048247841543931025,0.696969696969697,0.6931779225231403,0.6675567423230975,0.6612244897959184,0.5806239015817223,0.5749276330438655,5,0.3030303030303042
38,0.1323853055696631,0.0,0.0,0.0,0.0,0.06229896732690032,0.680717792449636,0.7021478205938092,0.6562082777036048,0.68032278088144,0.5742530755711776,0.6005770816158286,4,0.31928220755036657
39,0.10597596072456406,0.0,0.0,0.0,0.059590316573556734,0.05197223632977821,0.7005248010834603,0.7341848234410218,0.670894526034713,0.7060226595110316,0.6034710017574693,0.6478048780487805,5,0.2994751989165411
40,0.1252750973421365,0.0,0.0,0.0,0.0,0.06822414084983919,0.680717792449636,0.7021478205938092,0.6562082777036048,0.68032278088144,0.43321616871704743,0.5427153491669621,4,0.31928220755036674
41,0.0,0.05197223632977832,0.0,0.007787370915862568,0.06991704757067896,0.059590316573556845,0.6932453021838497,0.6868302799861735,0.6728971962616822,0.663923182441701,0.5924868189806678,0.5882352941176471,5,0.3067546978161514
42,0.1127475876079228,-0.002031488065007636,0.0,0.0,0.05264939901811405,0.05044862028102248,0.6978161503301168,0.730566037735849,0.6675567423230975,0.7014388489208633,0.5902899824253075,0.631495751827702,5,0.302183849669885
43,0.07567293042153378,0.0,0.0,0.0079566615879465,0.058913153885221003,0.059590316573556845,0.7012019637717962,0.7205067300079177,0.6755674232309746,0.6912325285895807,0.5804042179261862,0.5992446496013428,5,0.29879803622820417
44,0.10648383274081596,0.0,0.0,0.0,0.046047062806839345,0.04875571356018282,0.7005248010834603,0.7341848234410218,0.670894526034713,0.7060226595110316,0.4554042179261863,0.5725125021555441,5,0.29947519891654195
45,0.0,0.08193668528864062,0.0,0.0,0.06433045539190796,0.05975960724564078,0.697138987641781,0.699277189443604,0.6735647530040053,0.6750830564784053,0.594463971880492,0.5997398091934085,5,0.30286101235821883
46,0.12155070255628908,0.0,0.0,0.0,0.07364144235652614,0.0,0.6819028271542238,0.693424702235275,0.6435246995994659,0.6496062992125984,0.5514059753954306,0.5633019674935843,4,0.3180971728457774
47,0.0,0.0771965464702895,0.0,0.0,0.06720839681733537,0.06568478076857964,0.697138987641781,0.699277189443604,0.6735647530040053,0.6750830564784053,0.5913884007029877,0.5954762940408873,5,0.30286101235821883
48,0.08142881327238871,0.04113763331640419,0.0,0.0,0.04926358557643473,0.050110038936854506,0.6973082783138649,0.7363609554703627,0.6735647530040053,0.7142022209234365,0.5940246045694201,0.640746500777605,5,0.3026917216861369
49,0.11731843575418988,0.0,0.0,0.0,0.05163365498561023,0.052310817673946186,0.7005248010834603,0.7341848234410218,0.670894526034713,0.7060226595110316,0.5942442882249561,0.6366319102891993,5,0.29947519891654195
50,0.1286609107838158,0.0,0.0,0.0,0.0,0.06026747926189269,0.680717792449636,0.7021478205938092,0.6562082777036048,0.68032278088144,0.5812829525483304,0.6097461097461098,4,0.3192822075503666
51,0.11630269172168617,0.0,0.0,0.0,0.07398002370069412,0.0,0.6819028271542238,0.693424702235275,0.6435246995994659,0.6496062992125984,0.5514059753954306,0.5633019674935843,4,0.31809717284577815
52,0.0,0.0846453360419841,0.0,0.0,0.06839343152192312,0.06670052480108346,0.697138987641781,0.699277189443604,0.6735647530040053,0.6750830564784053,0.5832601054481547,0.5840824380618286,5,0.30286101235821883
53,0.10868461147790753,0.0,0.0,0.0028779414254275215,0.05129507364144237,0.035889622481801275,0.7018791264601321,0.7318410232983097,0.6662216288384513,0.6966019417475728,0.5735940246045694,0.6077995554657507,5,0.29812087353987077
54,0.07956661587946512,0.0,0.012866091078381658,0.0,0.05569663111562562,0.050617910953106526,0.7044184865413916,0.7262464722483537,0.6762349799732977,0.6963055729492799,0.4973637961335677,0.4975845410628019,5,0.2955815134586097
55,0.0,0.07651938378195366,0.0,0.0,0.07347215168444221,0.05857457254105303,0.697138987641781,0.699277189443604,0.6735647530040053,0.6750830564784053,0.5979789103690686,0.6045808124459809,5,0.30286101235821883
56,0.0,0.08532249873031994,0.0,0.0,0.07228711697985446,0.06449974606399189,0.697138987641781,0.699277189443604,0.6735647530040053,0.6750830564784053,0.5766695957820738,0.5747075700728316,4,0.30286101235821883
57,0.11918063314711358,0.0,0.0,0.0,0.0668698154731674,0.0,0.6819028271542238,0.693424702235275,0.6435246995994659,0.6496062992125984,0.5676625659050967,0.5856842105263158,4,0.31809717284577804
58,0.10885390214999158,0.0,0.007448789571694592,0.0,0.05383443372270191,0.04130692398848823,0.7018791264601321,0.732492784444782,0.6748998664886515,0.7050272562083586,0.5670035149384886,0.5999594073472702,5,0.29812087353987016
59,0.10682241408498383,0.0,0.0,0.0,0.047739969527679005,0.048417132216014847,0.7005248010834603,0.7341848234410218,0.670894526034713,0.7060226595110316,0.5942442882249561,0.6366319102891993,5,0.299475198916542
60,0.10936177416624338,0.0,0.0,0.0,0.04486202810225148,0.062468257998984256,0.7005248010834603,0.7341848234410218,0.670894526034713,0.7060226595110316,0.5764499121265377,0.6145541783286685,5,0.299475198916542
61,0.10631454206873203,0.0,0.0,0.0,0.05078720162519046,0.056204503131877415,0.7005248010834603,0.7341848234410218,0.670894526034713,0.7060226595110316,0.5927065026362038,0.6347517730496454,5,0.29947519891654184
62,0.13627899102759433,0.0,0.009310986964618184,0.0,0.0,0.05383443372270191,0.6813949551379719,0.6983007374158384,0.6608811748998665,0.6788874841972187,0.3881810193321617,0.48397257735779137,4,0.3186050448620309
63,0.0,0.07838158117487726,0.0,0.0,0.06754697816150335,0.06466903673607582,0.697138987641781,0.699277189443604,0.6735647530040053,0.6750830564784053,0.5766695957820738,0.5747075700728316,5,0.30286101235821883
64,0.0,0.08362959200948028,0.0,0.0,0.06585407144066369,0.06229896732690032,0.697138987641781,0.699277189443604,0.6735647530040053,0.6750830564784053,0.5832601054481547,0.5840824380618286,5,0.30286101235821894
65,0.10512950736414417,0.0,0.03385813441679364,0.0,0.0,0.0551887590993736,0.675639072287117,0.6716929403701165,0.6595460614152203,0.6540027137042063,0.23769771528998243,0.24663482414242294,4,0.3243609277128854
66,0.1085153208058236,0.0,0.0,0.0,0.047232097511427096,0.04757067885559507,0.7005248010834603,0.7341848234410218,0.670894526034713,0.7060226595110316,0.5927065026362038,0.6347517730496454,5,0.2994751989165412
67,0.0,0.06890130353817503,0.0,0.0,0.06957846622651098,0.055019468427289664,0.697138987641781,0.699277189443604,0.6735647530040053,0.6750830564784053,0.5979789103690686,0.6045808124459809,5,0.30286101235821894
68,0.08701540545115971,0.0,0.011342475029625931,0.0,0.05654308447604539,0.05518875909937371,0.7044184865413916,0.7262464722483537,0.6762349799732977,0.6963055729492799,0.367091388400703,0.45733659822942174,5,0.29558151345860917
69,0.0,0.08109023192822074,0.0,0.0,0.07076350093109873,0.05654308447604539,0.697138987641781,0.699277189443604,0.6735647530040053,0.6750830564784053,0.5766695957820738,0.5747075700728316,5,0.30286101235821883
70,0.12679871339089221,0.0,0.0,0.0,0.0,0.06788555950567121,0.680717792449636,0.7021478205938092,0.6562082777036048,0.68032278088144,0.5905096660808435,0.6215996751928542,4,0.31928220755036535
71,0.0,0.07838158117487726,0.0,0.0,0.07127137294735064,0.0673776874894193,0.697138987641781,0.699277189443604,0.6735647530040053,0.6750830564784053,0.5979789103690686,0.6045808124459809,5,0.30286101235821883
72,0.0,0.08346030133739635,0.0,0.0,0.0729642796681903,0.06839343152192312,0.697138987641781,0.699277189443604,0.6735647530040053,0.6750830564784053,0.5766695957820738,0.5747075700728316,5,0.30286101235822016
73,0.0,0.05992889791772471,0.02031488065007614,0.0,0.0753343490773658,0.048925004232266756,0.6956153715930252,0.6833392039450511,0.6728971962616822,0.6582984658298466,0.2992091388400703,0.34118133002891365,5,0.30438462840697544
74,0.11054680887083124,0.0,0.0,0.0,0.05468088708312169,0.05129507364144237,0.7005248010834603,0.7341848234410218,0.670894526034713,0.7060226595110316,0.5764499121265377,0.6145541783286685,5,0.29947519891654195
75,0.08921618418825117,0.04790926019976294,0.0,0.0,0.06534619942441167,0.0,0.6813949551379719,0.7006045179764556,0.6495327102803738,0.6649649010848756,0.5713971880492091,0.5963169873784399,4,0.3186050448620299
76,0.0,0.0846453360419841,0.006263754867106841,0.0,0.07347215168444221,0.04841713221601496,0.6981547316742848,0.6956818569721795,0.6755674232309746,0.6707317073170732,0.5399824253075571,0.5166204986149584,5,0.30184526832571507
77,0.12578296935838829,0.0,0.0,0.0,0.06636194345691548,0.0,0.6819028271542238,0.693424702235275,0.6435246995994659,0.6496062992125984,0.5320738137082601,0.5357454228421971,4,0.31809717284577804
78,0.1252750973421365,0.0,0.0,0.009988149652954137,0.048925004232266756,0.0,0.6819028271542238,0.693424702235275,0.6435246995994659,0.6496062992125984,0.5676625659050967,0.5856842105263158,4,0.3180971728457791
79,0.0,0.07347215168444221,0.0,0.0,0.07127137294735064,0.06297613001523616,0.697138987641781,0.699277189443604,0.6735647530040053,0.6750830564784053,0.5766695957820738,0.5747075700728316,5,0.30286101235822016
80,0.10157440325038092,0.0,0.0,0.0,0.05197223632977821,0.054003724394785846,0.7005248010834603,0.7341848234410218,0.670894526034713,0.7060226595110316,0.6034710017574693,0.6478048780487805,5,0.2994751989165418
81,0.12832232943964783,0.0,0.0,0.0,0.06280683934315223,0.0,0.6819028271542238,0.693424702235275,0.6435246995994659,0.6496062992125984,0.5514059753954306,0.5633019674935843,4,0.31809717284577865
82,0.0,0.05874386321313696,0.005078720162518979,0.0,0.0734721516844421,0.06348400203148807,0.6957846622651092,0.6893690579083838,0.6722296395193591,0.665303340149966,0.3657732864674868,0.4425564780845723,5,0.3042153377348915
83,0.06771626883358728,0.0,0.0,0.027932960893854775,0.03555104113763341,0.053326561706450004,0.7012019637717962,0.7205067300079177,0.6755674232309746,0.6912325285895807,0.5981985940246046,0.6226531875386837,5,0.29879803622820483
84,0.11427120365667853,0.0,0.0,0.0,0.0668698154731674,0.0,0.6819028271542238,0.693424702235275,0.6435246995994659,0.6496062992125984,0.47363796133567665,0.44562702452568254,4,0.31809717284577865
85,0.12222786524462503,0.0,0.0,0.0,0.06483832740815976,0.0,0.6819028271542238,0.693424702235275,0.6435246995994659,0.6496062992125984,0.5676625659050967,0.5856842105263158,3,0.318097172845778
86,0.0,0.07431860504486199,0.0,0.0,0.06907059421025907,0.07499576773319794,0.697138987641781,0.699277189443604,0.6735647530040053,0.6750830564784053,0.5979789103690686,0.6045808124459809,5,0.30286101235821894
87,0.12104283054003728,0.001015744032503818,0.0,0.0,0.05095649229727439,0.05264939901811416,0.6981547316742848,0.7312735493594574,0.671562082777036,0.7060931899641577,0.6025922671353251,0.6464725425053742,5,0.3018452683257177
88,0.10902319282207551,0.0,0.004740138818351114,0.0,0.057389537836465276,0.041476214660572164,0.7018791264601321,0.732492784444782,0.6748998664886515,0.7050272562083586,0.5507469244288224,0.5786111683494746,5,0.2981208735398707
89,0.11105468088708315,0.0,0.009988149652954137,0.0,0.035889622481801275,0.03910614525139666,0.7001862197392924,0.7279987713100906,0.6769025367156208,0.7048780487804878,0.3930140597539543,0.4936778449697636,5,0.29981378026070926
90,0.0,0.08379888268156432,0.0,0.004062976130015272,0.07211782630777053,0.04079905197223632,0.696969696969697,0.6931779225231403,0.6675567423230975,0.6612244897959184,0.5740333919156415,0.5653440932526339,5,0.3030303030303041
91,0.08379888268156432,0.0,0.03487387844929746,0.0,0.03961401726764857,0.04164550533265621,0.6944303368884375,0.7045342936650844,0.6755674232309746,0.6827676240208878,0.2374780316344464,0.2524230023691579,5,0.3055696631115632
92,0.07516505840528187,0.03961401726764857,0.0,0.0,0.048925004232266756,0.048417132216014847,0.6973082783138649,0.7363609554703627,0.6735647530040053,0.7142022209234365,0.5984182776801406,0.6460108443067389,5,0.30269172168613534
93,0.12747587607922806,0.0,0.0,0.0,0.0,0.06771626883358728,0.680717792449636,0.7021478205938092,0.6562082777036048,0.68032278088144,0.5116432337434095,0.5132472082329756,4,0.3192822075503672
94,0.0,0.08125952260030478,0.0,0.0,0.06805485017775526,0.06043676993397662,0.697138987641781,0.699277189443604,0.6735647530040053,0.6750830564784053,0.3960896309314587,0.48645619278909025,5,0.3028610123582197
95,0.07279498899610626,0.03673607584222105,0.0,0.0,0.04740138818351103,0.0496021669206026,0.6973082783138649,0.7363609554703627,0.6735647530040053,0.7142022209234365,0.5771089630931459,0.6200907835010855,5,0.30269172168613534
96,0.0,0.07550363974944985,0.0,0.0,0.06940917555442694,0.06754697816150335,0.697138987641781,0.699277189443604,0.6735647530040053,0.6750830564784053,0.594463971880492,0.5997398091934085,5,0.30286101235821883
97,0.1146097850008464,0.0,0.003724394785847296,0.0,0.03572033180971723,0.05654308447604528,0.6995090570509565,0.7312641937925813,0.6722296395193591,0.7058118633912522,0.43804920913884005,0.5513854787793756,5,0.30049094294904577
98,0.10970035551041135,0.0,0.0,0.0,0.05163365498561023,0.05434230573895371,0.7005248010834603,0.7341848234410218,0.670894526034713,0.7060226595110316,0.6034710017574693,0.6478048780487805,4,0.29947519891654184
99,0.10157440325038092,0.0,0.0,0.0,0.046554934823091254,0.04757067885559507,0.7005248010834603,0.7341848234410218,0.670894526034713,0.7060226595110316,0.5274604569420035,0.5499058380414312,5,0.299475198916542
100,0.11562552903335022,0.0,0.0,0.0,0.05349585237853394,0.054003724394785846,0.7005248010834603,0.7341848234410218,0.670894526034713,0.7060226595110316,0.6034710017574693,0.6478048780487805,4,0.2994751989165425
101,0.0,0.09040121889283903,0.0,0.0,0.06585407144066369,0.06568478076857964,0.697138987641781,0.699277189443604,0.6735647530040053,0.6750830564784053,0.5832601054481547,0.5840824380618286,5,0.30286101235821894
102,0.0883697308278314,0.0,0.02708650753343489,0.0,0.05925173522938887,0.03910614525139666,0.7042491958693076,0.7214160420985489,0.6769025367156208,0.690537084398977,0.30052724077328646,0.3596138374899437,5,0.2957508041306931
103,0.11545623836126628,0.0,0.0,0.0,0.06416116471982392,0.0,0.6819028271542238,0.693424702235275,0.6435246995994659,0.6496062992125984,0.5676625659050967,0.5856842105263158,4,0.3180971728457774
104,0.0,0.07414931437277805,0.0,0.0,0.06957846622651098,0.06449974606399189,0.697138987641781,0.699277189443604,0.6735647530040053,0.6750830564784053,0.5670035149384886,0.5607310006685982,5,0.30286101235821883
105,0.0,0.05434230573895382,0.0,0.024377856780091522,0.05315727103436607,0.06026747926189269,0.6932453021838497,0.6868302799861735,0.6728971962616822,0.663923182441701,0.5924868189806678,0.5882352941176471,5,0.3067546978161514
106,0.0,0.07364144235652614,0.0,0.0,0.06670052480108346,0.060775351278144596,0.697138987641781,0.699277189443604,0.6735647530040053,0.6750830564784053,0.5173550087873462,0.4843933348979113,5,0.30286101235821883
107,0.0,0.0822752666328086,0.0,0.0,0.06670052480108346,0.06280683934315223,0.697138987641781,0.699277189443604,0.6735647530040053,0.6750830564784053,0.5191124780316344,0.48723354415553993,5,0.30286101235821883
108,0.08853902149991533,0.0,0.0,0.03893685457931262,0.0,0.04858642288809878,0.6788555950567123,0.6756710548811763,0.6522029372496663,0.6453369639210347,0.5604130052724078,0.5548387096774193,4,0.32114440494329055
109,0.13492466565092254,0.0,0.0,0.009141696292534252,0.0,0.0496021669206026,0.6820721178263077,0.6992312620115311,0.6515353805073432,0.6700379266750948,0.5768892794376098,0.6007462686567164,4,0.3179278821736948
110,0.11731843575418999,0.0,0.0,0.0,0.06331471135940403,0.0,0.6819028271542238,0.693424702235275,0.6435246995994659,0.6496062992125984,0.5676625659050967,0.5856842105263158,4,0.3180971728457791
111,0.07685796512612164,0.0,0.0135432537667175,0.0,0.06331471135940414,0.0546808870831218,0.7044184865413916,0.7262464722483537,0.6762349799732977,0.6963055729492799,0.3492970123022847,0.4334353481254782,5,0.29558151345860917
112,0.08396817335364815,0.0,0.019468427289656254,0.0,0.05992889791772471,0.03842898256306071,0.7042491958693076,0.7214160420985489,0.6769025367156208,0.690537084398977,0.30052724077328646,0.3596138374899437,5,0.2957508041306935
113,0.10682241408498383,0.0,0.0,0.003724394785847296,0.037074657186389026,0.05197223632977821,0.7005248010834603,0.7341848234410218,0.670894526034713,0.7060226595110316,0.6034710017574693,0.6478048780487805,5,0.2994751989165411
114,0.07804299983070928,0.04232266802099205,0.0,0.0,0.05044862028102248,0.048417132216014847,0.6973082783138649,0.7363609554703627,0.6735647530040053,0.7142022209234365,0.5940246045694201,0.640746500777605,5,0.3026917216861363
115,0.1042830540037244,0.0,0.0,0.0,0.05468088708312169,0.05163365498561023,0.7005248010834603,0.7341848234410218,0.670894526034713,0.7060226595110316,0.6034710017574693,0.6478048780487805,5,0.29947519891654073
116,0.13594040968342647,0.0,0.0,0.0,0.0,0.06940917555442694,0.680717792449636,0.7021478205938092,0.6562082777036048,0.68032278088144,0.5885325131810193,0.6204660587639311,4,0.31928220755036746
117,0.0,0.08109023192822074,0.0,0.0,0.07262569832402233,0.07127137294735064,0.697138987641781,0.699277189443604,0.6735647530040053,0.6750830564784053,0.594463971880492,0.5997398091934085,5,0.30286101235821883
118,0.09141696292534274,0.03961401726764857,0.0,0.0,0.0,0.06433045539190785,0.6798713390892162,0.7081339712918661,0.6582109479305741,0.6893203883495146,0.5922671353251318,0.6288,4,0.32012866091078623
119,0.06788555950567121,0.0,0.0,0.04841713221601496,0.03622820382596925,0.033011681056373865,0.6986626036905367,0.711600777705768,0.6668891855807744,0.6749185667752443,0.5753514938488576,0.5874066168623265,5,0.3013373963094649
120,0.0,0.07922803453529714,0.0,0.025055019468427364,0.05586592178770955,0.04012188928390048,0.696969696969697,0.6931779225231403,0.6675567423230975,0.6612244897959184,0.5806239015817223,0.5749276330438655,5,0.3030303030303042
121,0.11071609954291517,0.0,0.0,0.0,0.05027932960893855,0.05349585237853394,0.7005248010834603,0.7341848234410218,0.670894526034713,0.7060226595110316,0.5153778558875219,0.5330228619813717,5,0.299475198916542
122,0.13780260707635006,0.0,0.0,0.0,0.0,0.07279498899610637,0.680717792449636,0.7021478205938092,0.6562082777036048,0.68032278088144,0.5905096660808435,0.6215996751928542,4,0.3192822075503672
123,0.0827831386490605,0.0,0.015066869815473227,0.0,0.06196038598273235,0.05011003893685462,0.7044184865413916,0.7262464722483537,0.6762349799732977,0.6963055729492799,0.5151581722319859,0.5238403451995685,5,0.2955815134586097
124,0.07990519722363298,0.0,0.0,0.01692906720839682,0.06416116471982392,0.0,0.6786863043846284,0.6689919776770143,0.644192256341789,0.6222537207654146,0.5531634446397188,0.5389845874886673,4,0.32131369561537376
125,0.0,0.09006263754867105,0.0,0.0,0.0771965464702895,0.059590316573556845,0.697138987641781,0.699277189443604,0.6735647530040053,0.6750830564784053,0.5766695957820738,0.5747075700728316,5,0.30286101235821883
126,0.1188420518029456,0.0,0.0,0.0,0.05552734044354157,0.04875571356018282,0.7005248010834603,0.7341848234410218,0.670894526034713,0.7060226595110316,0.4439806678383128,0.42464196408274607,5,0.299475198916542
127,0.11342475029625865,0.0,0.0,0.0,0.05197223632977821,0.05214152700186214,0.7005248010834603,0.7341848234410218,0.670894526034713,0.7060226595110316,0.6034710017574693,0.6478048780487805,5,0.2994751989165425
128,0.0,0.06229896732690021,0.01134247502962582,0.0,0.07076350093109862,0.06449974606399189,0.6957846622651092,0.6893690579083838,0.6722296395193591,0.665303340149966,0.34797891036906853,0.4178109062377403,5,0.3042153377348915
129,0.12104283054003728,0.0,0.0,0.01692906720839682,0.03656678517013712,0.03436600643304555,0.7018791264601321,0.7318410232983097,0.6662216288384513,0.6966019417475728,0.5898506151142355,0.6283097750348398,5,0.2981208735398694
130,0.10749957677331978,0.0,0.0,0.0,0.0575588285085491,0.052818689690197984,0.7005248010834603,0.7341848234410218,0.670894526034713,0.7060226595110316,0.4283831282952548,0.5415785764622973,5,0.2994751989165414
131,0.0,0.0804130692398849,0.0,0.0,0.07093279160318267,0.06212967665481628,0.697138987641781,0.699277189443604,0.6735647530040053,0.6750830564784053,0.5766695957820738,0.5747075700728316,5,0.30286101235821883
132,0.12646013204672424,0.0,0.0,0.0,0.0,0.07008633824276289,0.680717792449636,0.7021478205938092,0.6562082777036048,0.68032278088144,0.5885325131810193,0.6204660587639311,4,0.3192822075503668
133,0.0,0.07855087184696119,0.0,0.0,0.06957846622651098,0.06280683934315223,0.697138987641781,0.699277189443604,0.6735647530040053,0.6750830564784053,0.594463971880492,0.5997398091934085,4,0.30286101235821883
134,0.1337396309463349,0.0,0.0,0.0,0.0,0.06585407144066369,0.680717792449636,0.7021478205938092,0.6562082777036048,0.68032278088144,0.44178383128295257,0.40197693574958815,4,0.3192822075503666
135,0.10411376333164035,0.0,0.0,0.0,0.04689351616725912,0.05654308447604539,0.7005248010834603,0.7341848234410218,0.670894526034713,0.7060226595110316,0.5764499121265377,0.6145541783286685,5,0.2994751989165421
136,0.03199593702387005,0.04283054003724396,0.0,0.0,0.07601151176570176,0.06517690875232773,0.6976468596580329,0.6916436464088398,0.6675567423230975,0.6593707250341997,0.5735940246045694,0.5639182206245787,5,0.302353140341967
137,0.0,0.08210597596072455,0.0,0.0,0.0729642796681903,0.0673776874894193,0.697138987641781,0.699277189443604,0.6735647530040053,0.6750830564784053,0.594463971880492,0.5997398091934085,5,0.30286101235822016
138,0.10529879803622821,0.0,0.0,0.0,0.0687320128660911,0.0,0.6819028271542238,0.693424702235275,0.6435246995994659,0.6496062992125984,0.5514059753954306,0.5633019674935843,4,0.3180971728457792
139,0.09547993905535801,0.0,0.0,0.023869984763839502,0.0,0.0687320128660911,0.6813949551379719,0.6859145527369827,0.6608811748998665,0.6631299734748011,0.5832601054481547,0.5926562164483573,4,0.31860504486203045
140,0.0,0.08803114948366342,0.0,0.0,0.06568478076857964,0.05468088708312169,0.697138987641781,0.699277189443604,0.6735647530040053,0.6750830564784053,0.5832601054481547,0.5840824380618286,5,0.30286101235821894
141,0.1305231081767395,0.0,0.0,0.0,0.0,0.06517690875232773,0.680717792449636,0.7021478205938092,0.6562082777036048,0.68032278088144,0.4742970123022847,0.4557652945189902,4,0.31928220755036607
142,0.11410191298459449,0.0,0.0,0.0,0.05332656170644989,0.055696631115625506,0.7005248010834603,0.7341848234410218,0.670894526034713,0.7060226595110316,0.5764499121265377,0.6145541783286685,5,0.29947519891654123
143,0.11664127306585403,0.0,0.0,0.0,0.06382258337565594,0.0,0.6819028271542238,0.693424702235275,0.6435246995994659,0.6496062992125984,0.41893673110720564,0.35060152221949425,4,0.31809717284577815
144,0.0,0.08109023192822074,0.0,0.0,0.07431860504486199,0.06534619942441178,0.697138987641781,0.699277189443604,0.6735647530040053,0.6750830564784053,0.594463971880492,0.5997398091934085,5,0.30286101235821883
145,0.090739800237007,0.0,0.02031488065007625,0.0,0.07313357034027435,0.0,0.6842728965633994,0.6793880006876397,0.6455273698264352,0.6304801670146137,0.2902021089630931,0.3331269349845201,4,0.3157271034366028
146,0.11105468088708315,0.0,0.0,0.0,0.06602336211274762,0.0,0.6819028271542238,0.693424702235275,0.6435246995994659,0.6496062992125984,0.5514059753954306,0.5633019674935843,4,0.3180971728457769
147,0.10800744878957169,0.0,0.0,0.012358219062129638,0.04807855087184698,0.04232266802099205,0.7018791264601321,0.7318410232983097,0.6662216288384513,0.6966019417475728,0.5898506151142355,0.6283097750348398,5,0.29812087353987016
148,0.08058235991196883,0.0,0.031318774335534094,0.0,0.038090401218892844,0.03825969189097678,0.6944303368884375,0.7045342936650844,0.6755674232309746,0.6827676240208878,0.23484182776801407,0.2478946231915353,5,0.3055696631115643
149,0.11427120365667853,0.0,0.0,0.0,0.05095649229727439,0.05129507364144237,0.7005248010834603,0.7341848234410218,0.670894526034713,0.7060226595110316,0.5927065026362038,0.6347517730496454,5,0.29947519891654184
150,0.0,0.08430675469781612,0.0,0.0,0.07076350093109873,0.062468257998984256,0.697138987641781,0.699277189443604,0.6735647530040053,0.6750830564784053,0.5766695957820738,0.5747075700728316,5,0.30286101235821883
151,0.1146097850008464,0.0,0.0,0.0,0.05214152700186214,0.05163365498561023,0.7005248010834603,0.7341848234410218,0.670894526034713,0.7060226595110316,0.5942442882249561,0.6366319102891993,4,0.29947519891654195
152,0.12121212121212122,0.0,0.0,0.010326730997122002,0.0,0.05044862028102248,0.6820721178263077,0.6992312620115311,0.6515353805073432,0.6700379266750948,0.5749121265377856,0.5996275605214153,4,0.31792788217369505
153,0.10817673946165562,0.0,0.0,0.0,0.05129507364144237,0.0538344337227018,0.7005248010834603,0.7341848234410218,0.670894526034713,0.7060226595110316,0.45474516695957823,0.44199640287769787,5,0.299475198916542
154,0.0,0.07770441848654142,0.0,0.0,0.06449974606399189,0.06856272219400716,0.697138987641781,0.699277189443604,0.6735647530040053,0.6750830564784053,0.5913884007029877,0.5954762940408873,5,0.30286101235821883
155,0.09277128830201453,0.0,0.0,0.01811410191298457,0.0,0.07872016251904523,0.6813949551379719,0.6859145527369827,0.6608811748998665,0.6631299734748011,0.5852372583479789,0.5938037865748709,4,0.3186050448620302
156,0.11071609954291517,0.0,0.0,0.0,0.05891315388522089,0.055019468427289664,0.7005248010834603,0.7341848234410218,0.670894526034713,0.7060226595110316,0.5764499121265377,0.6145541783286685,5,0.299475198916542
157,0.1108853902149991,0.0,0.0,0.0,0.051125782969358324,0.05535804977145753,0.7005248010834603,0.7341848234410218,0.670894526034713,0.7060226595110316,0.5927065026362038,0.6347517730496454,5,0.29947519891654184
158,0.08599966141865578,0.030810902319282185,0.0,0.0,0.0,0.06517690875232773,0.6798713390892162,0.7081339712918661,0.6582109479305741,0.6893203883495146,0.5922671353251318,0.6288,4,0.3201286609107858
159,0.11071609954291517,0.0,0.0,0.0038936854579312286,0.035889622481801275,0.04858642288809878,0.7005248010834603,0.7341848234410218,0.670894526034713,0.7060226595110316,0.6034710017574693,0.6478048780487805,5,0.29947519891654184
160,0.11511765701709831,0.0,0.0,0.0,0.06449974606399189,0.0,0.6819028271542238,0.693424702235275,0.6435246995994659,0.6496062992125984,0.5676625659050967,0.5856842105263158,4,0.3180971728457787
161,0.1379718977484341,0.0,0.0,0.0,0.0,0.06991704757067885,0.680717792449636,0.7021478205938092,0.6562082777036048,0.68032278088144,0.5905096660808435,0.6215996751928542,3,0.3192822075503671
162,0.0,0.07347215168444221,0.0,0.0,0.063653292703572,0.06111393262231257,0.697138987641781,0.699277189443604,0.6735647530040053,0.6750830564784053,0.5832601054481547,0.5840824380618286,5,0.3028610123582202
163,0.03047232097511432,0.03910614525139666,0.0,0.0,0.07465718638902996,0.069239884882343,0.7003555104113763,0.6959807626245277,0.670894526034713,0.6648538409245411,0.593804920913884,0.5933582581922147,5,0.2996444895886235
164,0.07685796512612153,0.0,0.03385813441679364,0.0,0.04046047062806846,0.04672422549517519,0.6944303368884375,0.7045342936650844,0.6755674232309746,0.6827676240208878,0.22363796133567662,0.22838427947598253,5,0.3055696631115632
165,0.07414931437277805,0.0,0.0,0.011173184357541999,0.04638564415100732,0.06517690875232784,0.7012019637717962,0.7205067300079177,0.6755674232309746,0.6912325285895807,0.5981985940246046,0.6226531875386837,5,0.29879803622820417
166,0.06602336211274762,0.0,0.0,0.037582529202640935,0.0331809717284578,0.035381750465549366,0.6986626036905367,0.711600777705768,0.6668891855807744,0.6749185667752443,0.5753514938488576,0.5874066168623265,5,0.30133739630946366
167,0.10022007787370912,0.0,0.0,0.0,0.05603521245979348,0.0514643643135263,0.7005248010834603,0.7341848234410218,0.670894526034713,0.7060226595110316,0.5847978910369068,0.625,5,0.2994751989165425
168,0.10766886744540372,0.0,0.0,0.0,0.054511596411037755,0.052310817673946186,0.7005248010834603,0.7341848234410218,0.670894526034713,0.7060226595110316,0.5764499121265377,0.6145541783286685,5,0.29947519891654195
169,0.06856272219400716,0.0,0.0,0.019637717961740297,0.050617910953106526,0.03622820382596925,0.6986626036905367,0.711600777705768,0.6668891855807744,0.6749185667752443,0.5753514938488576,0.5874066168623265,5,0.30133739630946405
170,0.10512950736414417,0.0,0.0,0.0,0.05027932960893855,0.04418486541391564,0.7005248010834603,0.7341848234410218,0.670894526034713,0.7060226595110316,0.4554042179261863,0.5725125021555441,5,0.2994751989165413
171,0.11240900626375483,0.0,0.0,0.0,0.05027932960893855,0.04875571356018282,0.7005248010834603,0.7341848234410218,0.670894526034713,0.7060226595110316,0.5927065026362038,0.6347517730496454,4,0.29947519891654184
172,0.0766886744540376,0.039783307939732504,0.0,0.0,0.05163365498561023,0.04807855087184698,0.6973082783138649,0.7363609554703627,0.6735647530040053,0.7142022209234365,0.6043497363796133,0.6530533615873627,5,0.30269172168613584
173,0.0,0.07601151176570176,0.0,0.0,0.06263754867106819,0.06263754867106819,0.697138987641781,0.699277189443604,0.6735647530040053,0.6750830564784053,0.5832601054481547,0.5840824380618286,5,0.30286101235821894
174,0.13780260707635006,0.0,0.0,0.0,0.0,0.06890130353817503,0.680717792449636,0.7021478205938092,0.6562082777036048,0.68032278088144,0.5905096660808435,0.6215996751928542,4,0.31928220755036646
175,0.0,0.08786185881157949,0.0,0.0,0.06890130353817503,0.06551549009649571,0.697138987641781,0.699277189443604,0.6735647530040053,0.6750830564784053,0.49890158172231985,0.4539142925544649,5,0.30286101235821883
176,0.0,0.0832910106653123,0.0,0.0,0.06703910614525144,0.06703910614525144,0.697138987641781,0.699277189443604,0.6735647530040053,0.6750830564784053,0.4991212653778559,0.4542843465773097,5,0.30286101235821883
177,0.12155070255628908,0.0,0.0,0.0,0.05298798036228203,0.06060606060606055,0.7005248010834603,0.7341848234410218,0.670894526034713,0.7060226595110316,0.5764499121265377,0.6145541783286685,4,0.29947519891654195
178,0.07499576773319794,0.0,0.0,0.03487387844929746,0.03098019299136623,0.03605891315388521,0.6986626036905367,0.711600777705768,0.6668891855807744,0.6749185667752443,0.5753514938488576,0.5874066168623265,5,0.30133739630946366
179,0.10868461147790753,0.0,0.0,0.0,0.052818689690197984,0.057897409852717074,0.7005248010834603,0.7341848234410218,0.670894526034713,0.7060226595110316,0.4872583479789104,0.49216710182767626,5,0.2994751989165414
180,0.10699170475706787,0.0,0.0013543253766716834,0.0,0.038090401218892844,0.048925004232266756,0.6995090570509565,0.7312641937925813,0.6722296395193591,0.7058118633912522,0.43804920913884005,0.5513854787793756,5,0.3004909429490451
181,0.11105468088708303,0.0,0.0,0.0,0.05705095649229719,0.05180294565769428,0.7005248010834603,0.7341848234410218,0.670894526034713,0.7060226595110316,0.5764499121265377,0.6145541783286685,5,0.29947519891654034
182,0.12832232943964783,0.0,0.0,0.0,0.07855087184696119,0.0,0.6819028271542238,0.693424702235275,0.6435246995994659,0.6496062992125984,0.4086115992970123,0.5082206795761783,4,0.3180971728457789
183,0.07160995429151862,0.0,0.0,0.021669206026747934,0.051633654985610344,0.056712375148129435,0.7012019637717962,0.7205067300079177,0.6755674232309746,0.6912325285895807,0.5981985940246046,0.6226531875386837,5,0.29879803622820555
184,0.12916878280006772,0.0,0.0,0.0,0.0,0.06839343152192312,0.680717792449636,0.7021478205938092,0.6562082777036048,0.68032278088144,0.5905096660808435,0.6215996751928542,4,0.3192822075503658
185,0.11765701709835785,0.0,0.004909429490435047,0.0,0.052818689690198095,0.0,0.6802099204333841,0.6881294370150239,0.6455273698264352,0.6490416391275612,0.375,0.4627006610009443,4,0.31979007956661853
186,0.1071609954291518,0.0,0.0,0.0,0.06043676993397662,0.05332656170644989,0.7005248010834603,0.7341848234410218,0.670894526034713,0.7060226595110316,0.5764499121265377,0.6145541783286685,5,0.2994751989165412
187,0.0,0.07838158117487726,0.0,0.0,0.07025562891484682,0.06348400203148807,0.697138987641781,0.699277189443604,0.6735647530040053,0.6750830564784053,0.594463971880492,0.5997398091934085,5,0.30286101235821883
188,0.10800744878957169,0.0,0.005417301506686956,0.0,0.05485017775520573,0.03961401726764857,0.7018791264601321,0.732492784444782,0.6748998664886515,0.7050272562083586,0.41893673110720564,0.5277628994822353,5,0.29812087353986955
189,0.1103775181987473,0.0,0.0038936854579313396,0.0,0.057389537836465276,0.037413238530557,0.7018791264601321,0.732492784444782,0.6748998664886515,0.7050272562083586,0.40268014059753954,0.5080513841143477,5,0.29812087353987016
190,0.0,0.07855087184696119,0.0,0.0,0.0668698154731674,0.05840528186896898,0.697138987641781,0.699277189443604,0.6735647530040053,0.6750830564784053,0.5670035149384886,0.5607310006685982,5,0.30286101235821894
191,0.11697985441002201,0.0,0.0,0.0,0.06822414084983919,0.0,0.6819028271542238,0.693424702235275,0.6435246995994659,0.6496062992125984,0.5514059753954306,0.5633019674935843,4,0.31809717284577865
192,0.0,0.07736583714237344,0.0,0.0,0.06568478076857964,0.063653292703572,0.697138987641781,0.699277189443604,0.6735647530040053,0.6750830564784053,0.413884007029877,0.5090172984909827,5,0.3028610123582197
193,0.1127475876079228,0.0,0.0,0.0,0.05586592178770944,0.05298798036228203,0.7005248010834603,0.7341848234410218,0.670894526034713,0.7060226595110316,0.5764499121265377,0.6145541783286685,5,0.2994751989165425
194,0.09141696292534285,0.0,0.03453529710512948,0.0,0.03792111054680891,0.04029117995598441,0.6944303368884375,0.7045342936650844,0.6755674232309746,0.6827676240208878,0.24253075571177504,0.26103729104157736,5,0.30556966311156425
195,0.06822414084983919,0.0,0.0,0.04418486541391575,0.037074657186389026,0.03622820382596925,0.6986626036905367,0.711600777705768,0.6668891855807744,0.6749185667752443,0.5753514938488576,0.5874066168623265,5,0.30133739630946405
196,0.0,0.07584222109361771,0.0,0.0,0.06619265278483155,0.06568478076857964,0.697138987641781,0.699277189443604,0.6735647530040053,0.6750830564784053,0.5766695957820738,0.5747075700728316,5,0.30286101235821883
197,0.07956661587946501,0.04452344675808362,0.0,0.0,0.052310817673946186,0.05248010834603012,0.6973082783138649,0.7363609554703627,0.6735647530040053,0.7142022209234365,0.6043497363796133,0.6530533615873627,5,0.30269172168613573
198,0.0,0.07347215168444221,0.0,0.0,0.06483832740815987,0.0650076180802438,0.697138987641781,0.699277189443604,0.6735647530040053,0.6750830564784053,0.5766695957820738,0.5747075700728316,5,0.3028610123582189
199,0.0,0.07584222109361771,0.0,0.0,0.06907059421025907,0.0687320128660911,0.697138987641781,0.699277189443604,0.6735647530040053,0.6750830564784053,0.40268014059753954,0.4948913245402192,5,0.3028610123582198
200,0.1085153208058236,0.0,0.0,0.0,0.05078720162519046,0.05349585237853394,0.7005248010834603,0.7341848234410218,0.670894526034713,0.7060226595110316,0.5764499121265377,0.6145541783286685,5,0.29947519891654195
201,0.10749957677331978,0.0,0.0,0.0,0.05874386321313696,0.04977145759268664,0.7005248010834603,0.7341848234410218,0.670894526034713,0.7060226595110316,0.5246045694200352,0.5459504825849769,5,0.2994751989165425
202,0.0,0.08870831217199926,0.0,0.0,0.0,0.07804299983070928,0.6560013543253767,0.6234247590808006,0.6388518024032043,0.6093862815884477,0.5749121265377856,0.5477915400794579,3,0.3439986456746202
203,0.0,0.08633824276282376,0.0,0.0,0.06280683934315223,0.061283223294396505,0.697138987641781,0.699277189443604,0.6735647530040053,0.6750830564784053,0.4173989455184534,0.513394495412844,5,0.3028610123582197
204,0.0,0.08007448789571692,0.0,0.0,0.07567293042153378,0.06399187404773998,0.697138987641781,0.699277189443604,0.6735647530040053,0.6750830564784053,0.5979789103690686,0.6045808124459809,5,0.30286101235821883
205,0.0,0.0846453360419841,0.0,0.0,0.07160995429151851,0.06348400203148807,0.697138987641781,0.699277189443604,0.6735647530040053,0.6750830564784053,0.5766695957820738,0.5747075700728316,5,0.30286101235821883
206,0.0,0.08396817335364826,0.0,0.0,0.06991704757067885,0.06229896732690032,0.697138987641781,0.699277189443604,0.6735647530040053,0.6750830564784053,0.5766695957820738,0.5747075700728316,5,0.30286101235821883
207,0.0,0.08193668528864062,0.0,0.0,0.069239884882343,0.057389537836465276,0.697138987641781,0.699277189443604,0.6735647530040053,0.6750830564784053,0.5347100175746925,0.5119815668202765,5,0.30286101235821894
208,0.11664127306585403,0.0,0.0,0.0,0.05654308447604539,0.04977145759268664,0.7005248010834603,0.7341848234410218,0.670894526034713,0.7060226595110316,0.5847978910369068,0.625,5,0.29947519891654184
209,0.10885390214999147,0.0,0.0,0.0,0.048925004232266756,0.05248010834603012,0.7005248010834603,0.7341848234410218,0.670894526034713,0.7060226595110316,0.5942442882249561,0.6366319102891993,5,0.2994751989165416
210,0.0,0.08362959200948028,0.005925173522938865,0.0,0.07127137294735064,0.0570509564922973,0.6981547316742848,0.6956818569721795,0.6755674232309746,0.6707317073170732,0.359402460456942,0.4342258440046566,5,0.3018452683257159
211,0.09768071779244958,0.0,0.028102251565938707,0.0,0.049940748264770574,0.0,0.6744540375825292,0.659946949602122,0.644192256341789,0.6206405693950178,0.2133128295254833,0.195823040646755,4,0.32554596241747297
212,0.12358219062129672,0.0,0.0,0.0,0.06670052480108346,0.0,0.6819028271542238,0.693424702235275,0.6435246995994659,0.6496062992125984,0.5514059753954306,0.5633019674935843,4,0.31809717284577815
213,0.12375148129338076,0.0,0.0,0.0,0.0,0.07313357034027423,0.680717792449636,0.7021478205938092,0.6562082777036048,0.68032278088144,0.5727152899824253,0.5985552115583075,4,0.3192822075503672
214,0.11799559844252583,0.0,0.0,0.0,0.05552734044354157,0.05298798036228203,0.7005248010834603,0.7341848234410218,0.670894526034713,0.7060226595110316,0.4283831282952548,0.5415785764622973,5,0.2994751989165419
215,0.06856272219400716,0.0,0.0,0.013881835110885477,0.05603521245979348,0.051125782969358435,0.7012019637717962,0.7205067300079177,0.6755674232309746,0.6912325285895807,0.5981985940246046,0.6226531875386837,5,0.29879803622820494
216,0.0,0.08430675469781612,0.0,0.0,0.06551549009649571,0.06551549009649571,0.697138987641781,0.699277189443604,0.6735647530040053,0.6750830564784053,0.4173989455184534,0.513394495412844,5,0.3028610123582198
217,0.1300152361604876,0.0,0.0,0.0,0.0,0.0673776874894193,0.680717792449636,0.7021478205938092,0.6562082777036048,0.68032278088144,0.5742530755711776,0.6005770816158286,4,0.3192822075503671
218,0.0,0.07685796512612153,0.0,0.0,0.07262569832402233,0.06670052480108346,0.697138987641781,0.699277189443604,0.6735647530040053,0.6750830564784053,0.3960896309314587,0.48645619278909025,5,0.3028610123582197
219,0.0,0.063653292703572,0.016082613847976934,0.0,0.07330286101235817,0.04807855087184698,0.6956153715930252,0.6833392039450511,0.6728971962616822,0.6582984658298466,0.2992091388400703,0.34118133002891365,5,0.30438462840697544
220,0.11867276113086167,0.0,0.0,0.0,0.06754697816150323,0.0,0.6819028271542238,0.693424702235275,0.6435246995994659,0.6496062992125984,0.39235500878734625,0.48777777777777775,4,0.3180971728457795
221,0.10682241408498394,0.0,0.008972405620450319,0.0,0.05129507364144237,0.03995259861181655,0.7012019637717962,0.7309861301630849,0.6755674232309746,0.7050970873786407,0.5584358523725835,0.5881147540983607,5,0.298798036228206
222,0.0748264770611139,0.040968342644320255,0.0,0.0,0.049432876248518665,0.050110038936854506,0.6973082783138649,0.7363609554703627,0.6735647530040053,0.7142022209234365,0.5949033391915641,0.6418026418026418,5,0.30269172168613534
223,0.11325545962417471,0.0,0.0,0.0,0.05637379380396135,0.05434230573895371,0.7005248010834603,0.7341848234410218,0.670894526034713,0.7060226595110316,0.5764499121265377,0.6145541783286685,5,0.299475198916542
224,0.06957846622651098,0.0,0.0,0.05027932960893855,0.03504316912138139,0.03792111054680891,0.6986626036905367,0.711600777705768,0.6668891855807744,0.6749185667752443,0.5753514938488576,0.5874066168623265,5,0.3013373963094649
225,0.1047909260199763,0.0,0.0,0.038767563907228686,0.0,0.0514643643135263,0.6788555950567123,0.6756710548811763,0.6522029372496663,0.6453369639210347,0.5604130052724078,0.5548387096774193,4,0.32114440494329
226,0.07651938378195355,0.040968342644320255,0.0,0.0,0.047739969527679005,0.047232097511427096,0.6973082783138649,0.7363609554703627,0.6735647530040053,0.7142022209234365,0.5771089630931459,0.6200907835010855,5,0.30269172168613573
227,0.09361774166243442,0.03910614525139666,0.0,0.0,0.0496021669206026,0.04638564415100721,0.6973082783138649,0.7363609554703627,0.6735647530040053,0.7142022209234365,0.5771089630931459,0.6200907835010855,5,0.30269172168613534
228,0.14321990858303713,0.0,0.0,0.0,0.0,0.06754697816150335,0.680717792449636,0.7021478205938092,0.6562082777036048,0.68032278088144,0.5905096660808435,0.6215996751928542,4,0.3192822075503672
229,0.0,0.07177924496360255,0.0,0.0,0.06974775689859491,0.05434230573895382,0.697138987641781,0.699277189443604,0.6735647530040053,0.6750830564784053,0.5979789103690686,0.6045808124459809,4,0.30286101235821894
230,0.08244455730489253,0.0,0.039275435923480595,0.0,0.038767563907228686,0.03792111054680891,0.6944303368884375,0.7045342936650844,0.6755674232309746,0.6827676240208878,0.24253075571177504,0.26103729104157736,5,0.3055696631115637
231,0.11714914508210594,0.0,0.0,0.0028779414254275215,0.052310817673946186,0.03267309971220589,0.7018791264601321,0.7318410232983097,0.6662216288384513,0.6966019417475728,0.5898506151142355,0.6283097750348398,5,0.29812087353987016
232,0.0,0.08583037074657185,0.0,0.0,0.07093279160318267,0.059590316573556845,0.697138987641781,0.699277189443604,0.6735647530040053,0.6750830564784053,0.5832601054481547,0.5840824380618286,5,0.30286101235821894
233,0.11799559844252583,0.0,0.0,0.0,0.069239884882343,0.0,0.6819028271542238,0.693424702235275,0.6435246995994659,0.6496062992125984,0.5514059753954306,0.5633019674935843,3,0.31809717284577865
234,0.0,0.08261384797697646,0.0,0.0,0.07211782630777042,0.06449974606399189,0.697138987641781,0.699277189443604,0.6735647530040053,0.6750830564784053,0.5832601054481547,0.5840824380618286,5,0.30286101235821894
235,0.0,0.08684611477907567,0.0,0.0,0.06619265278483155,0.06111393262231257,0.697138987641781,0.699277189443604,0.6735647530040053,0.6750830564784053,0.5766695957820738,0.5747075700728316,4,0.30286101235821883
236,0.07990519722363298,0.034196715760961505,0.0,0.0,0.049432876248518665,0.05197223632977821,0.6973082783138649,0.7363609554703627,0.6735647530040053,0.7142022209234365,0.6043497363796133,0.6530533615873627,5,0.3026917216861363
237,0.0,0.07973590655154905,0.0,0.0,0.06382258337565605,0.05535804977145764,0.697138987641781,0.699277189443604,0.6735647530040053,0.6750830564784053,0.5138400702987698,0.47868080094228505,5,0.30286101235821883
238,0.09768071779244969,0.0,0.01692906720839682,0.0,0.07245640765193839,0.0,0.6842728965633994,0.6793880006876397,0.6455273698264352,0.6304801670146137,0.4492530755711775,0.3916525115263286,4,0.315727103436602
239,0.0,0.08261384797697646,0.0,0.0,0.06517690875232773,0.06568478076857964,0.697138987641781,0.699277189443604,0.6735647530040053,0.6750830564784053,0.5766695957820738,0.5747075700728316,5,0.30286101235821883
240,0.0,0.0809209412561368,0.0,0.005925173522938976,0.06839343152192323,0.04333841205349587,0.696969696969697,0.6931779225231403,0.6675567423230975,0.6612244897959184,0.5806239015817223,0.5749276330438655,5,0.3030303030303042
241,0.0,0.08515320805823601,0.0,0.0,0.07059421025901469,0.05874386321313696,0.697138987641781,0.699277189443604,0.6735647530040053,0.6750830564784053,0.5766695957820738,0.5747075700728316,5,0.30286101235821883
242,0.11901134247502965,0.0,0.0,0.0,0.052818689690197984,0.056204503131877415,0.7005248010834603,0.7341848234410218,0.670894526034713,0.7060226595110316,0.5927065026362038,0.6347517730496454,5,0.2994751989165425
243,0.0,0.07618080243778569,0.0,0.0,0.0748264770611139,0.057897409852717074,0.697138987641781,0.699277189443604,0.6735647530040053,0.6750830564784053,0.594463971880492,0.5997398091934085,5,0.30286101235821883
244,0.09801929913661755,0.0,0.01811410191298457,0.0,0.0,0.06483832740815976,0.6783477230404604,0.6821679491468718,0.6595460614152203,0.6626984126984127,0.31678383128295257,0.3789936102236422,4,0.32165227695954185
245,0.10885390214999147,0.0,0.0,0.0,0.05349585237853394,0.05197223632977821,0.7005248010834603,0.7341848234410218,0.670894526034713,0.7060226595110316,0.6034710017574693,0.6478048780487805,5,0.2994751989165425
246,0.1066531234128999,0.0,0.0,0.0,0.05349585237853394,0.05027932960893855,0.7005248010834603,0.7341848234410218,0.670894526034713,0.7060226595110316,0.5764499121265377,0.6145541783286685,5,0.29947519891654173
247,0.0,0.08295242932114444,0.0,0.0,0.07025562891484682,0.06297613001523616,0.697138987641781,0.699277189443604,0.6735647530040053,0.6750830564784053,0.49890158172231985,0.4539142925544649,5,0.30286101235821883
248,0.0,0.08295242932114444,0.0,0.0,0.06940917555442694,0.0673776874894193,0.697138987641781,0.699277189443604,0.6735647530040053,0.6750830564784053,0.515597539543058,0.48154244063014345,5,0.30286101235821883
249,0.0,0.07618080243778569,0.0,0.0,0.06653123412899953,0.062468257998984256,0.697138987641781,0.699277189443604,0.6735647530040053,0.6750830564784053,0.5766695957820738,0.5747075700728316,5,0.30286101235821883
250,0.08109023192822074,0.03741323853055689,0.0,0.0,0.0,0.06111393262231246,0.6798713390892162,0.7081339712918661,0.6582109479305741,0.6893203883495146,0.5922671353251318,0.6288,4,0.3201286609107857
251,0.06974775689859491,0.04079905197223632,0.0,0.0,0.049940748264770574,0.046554934823091254,0.6973082783138649,0.7363609554703627,0.6735647530040053,0.7142022209234365,0.6043497363796133,0.6530533615873627,5,0.3026917216861369
252,0.0,0.08379888268156421,0.0,0.0,0.07228711697985446,0.06991704757067885,0.697138987641781,0.699277189443604,0.6735647530040053,0.6750830564784053,0.5979789103690686,0.6045808124459809,5,0.3028610123582202
253,0.11511765701709831,0.0,0.0,0.0,0.0496021669206026,0.05180294565769428,0.7005248010834603,0.7341848234410218,0.670894526034713,0.7060226595110316,0.6034710017574693,0.6478048780487805,5,0.2994751989165412
254,0.0,0.08007448789571692,0.0,0.0,0.0753343490773658,0.06466903673607582,0.697138987641781,0.699277189443604,0.6735647530040053,0.6750830564784053,0.5832601054481547,0.5840824380618286,4,0.30286101235821894
255,0.0,0.07838158117487726,0.0,0.0,0.0711020822752666,0.06466903673607582,0.697138987641781,0.699277189443604,0.6735647530040053,0.6750830564784053,0.5979789103690686,0.6045808124459809,4,0.30286101235821883
256,0.09446419502285419,0.0,0.02488572879634332,0.0,0.05366514305061787,0.0,0.6744540375825292,0.659946949602122,0.644192256341789,0.6206405693950178,0.22451669595782073,0.21625222024866786,4,0.3255459624174736
257,0.1042830540037244,0.0,0.0,0.0,0.05129507364144237,0.05705095649229719,0.7005248010834603,0.7341848234410218,0.670894526034713,0.7060226595110316,0.4986818980667838,0.5090361445783133,5,0.299475198916542
258,0.0,0.07160995429151851,0.0,0.0,0.07211782630777042,0.06534619942441178,0.697138987641781,0.699277189443604,0.6735647530040053,0.6750830564784053,0.5289982425307557,0.5030134445989801,5,0.30286101235821883
259,0.11562552903335033,0.0,0.0,0.003724394785847296,0.044862028102251594,0.039275435923480595,0.7018791264601321,0.7318410232983097,0.6662216288384513,0.6966019417475728,0.5898506151142355,0.6283097750348398,5,0.2981208735398694
260,0.0,0.07872016251904523,0.0,0.0,0.06974775689859491,0.060775351278144596,0.697138987641781,0.699277189443604,0.6735647530040053,0.6750830564784053,0.5832601054481547,0.5840824380618286,5,0.30286101235821883
261,0.0,0.07550363974944985,0.0,0.0,0.07330286101235828,0.0551887590993736,0.697138987641781,0.699277189443604,0.6735647530040053,0.6750830564784053,0.5276801405975395,0.5009285051067781,5,0.30286101235821883
262,0.0,0.07211782630777042,0.0,0.0,0.07042491958693076,0.06094464195022853,0.697138987641781,0.699277189443604,0.6735647530040053,0.6750830564784053,0.5766695957820738,0.5747075700728316,5,0.30286101235821883
263,0.12188928390045706,0.0,0.0,0.0,0.05315727103436596,0.05535804977145753,0.7005248010834603,0.7341848234410218,0.670894526034713,0.7060226595110316,0.5430579964850615,0.5711340206185567,5,0.299475198916542
264,0.08125952260030467,0.0453699001185035,0.0,0.0,0.057897409852717074,0.0,0.6813949551379719,0.7006045179764556,0.6495327102803738,0.6649649010848756,0.5610720562390158,0.5825323861262014,4,0.3186050448620294
265,0.11697985441002201,0.0,0.0,0.0,0.05535804977145753,0.047739969527679005,0.7005248010834603,0.7341848234410218,0.670894526034713,0.7060226595110316,0.5872144112478032,0.6279944565432588,5,0.29947519891654195
266,0.0435077027255798,0.038767563907228686,0.0,0.0,0.06805485017775514,0.06568478076857964,0.6979854410022007,0.692519820751465,0.671562082777036,0.6648501362397821,0.5962214411247804,0.5963987703118138,5,0.30201455899779905
267,0.10462163534789226,0.0,0.0,0.0,0.05197223632977821,0.05298798036228203,0.7005248010834603,0.7341848234410218,0.670894526034713,0.7060226595110316,0.6034710017574693,0.6478048780487805,5,0.2994751989165415
268,0.11613340104960213,0.0,0.0,0.0,0.0514643643135263,0.052818689690197984,0.7005248010834603,0.7341848234410218,0.670894526034713,0.7060226595110316,0.5764499121265377,0.6145541783286685,5,0.29947519891654245
269,0.11376333164042662,0.0,0.0,0.0,0.05332656170644989,0.054003724394785846,0.7005248010834603,0.7341848234410218,0.670894526034713,0.7060226595110316,0.5872144112478032,0.6279944565432588,5,0.2994751989165425
270,0.10140511257829687,0.0,0.023869984763839502,0.0,0.0,0.054003724394785846,0.675639072287117,0.6716929403701165,0.6595460614152203,0.6540027137042063,0.23769771528998243,0.24663482414242294,4,0.32436092771288594
271,0.10919248349415944,0.0,0.0,0.0,0.05366514305061787,0.05214152700186214,0.7005248010834603,0.7341848234410218,0.670894526034713,0.7060226595110316,0.5764499121265377,0.6145541783286685,5,0.2994751989165425
272,0.11020822752666326,0.0,0.0,0.0,0.05772811918063314,0.04926358557643473,0.7005248010834603,0.7341848234410218,0.670894526034713,0.7060226595110316,0.585676625659051,0.6260904044409199,5,0.2994751989165425
273,0.1164719823937701,0.0,0.0,0.0,0.054511596411037755,0.04858642288809878,0.7005248010834603,0.7341848234410218,0.670894526034713,0.7060226595110316,0.5764499121265377,0.6145541783286685,5,0.299475198916542
274,0.0,0.07855087184696119,0.0,0.0,0.07364144235652614,0.0570509564922973,0.697138987641781,0.699277189443604,0.6735647530040053,0.6750830564784053,0.5432776801405975,0.5252340717058689,5,0.30286101235821883
275,0.10834603013373956,0.0,0.0,0.0,0.052310817673946186,0.05468088708312169,0.7005248010834603,0.7341848234410218,0.670894526034713,0.7060226595110316,0.5571177504393673,0.5897435897435898,5,0.29947519891654184
276,0.11528694768918224,0.0,0.0,0.0,0.05806670052480101,0.05197223632977821,0.7005248010834603,0.7341848234410218,0.670894526034713,0.7060226595110316,0.6034710017574693,0.6478048780487805,5,0.29947519891654184
277,0.10800744878957169,0.0,0.0,0.0,0.05180294565769428,0.047232097511427096,0.7005248010834603,0.7341848234410218,0.670894526034713,0.7060226595110316,0.6034710017574693,0.6478048780487805,5,0.2994751989165425
278,0.132893177585915,0.0,0.0,0.0,0.07313357034027423,0.0,0.6819028271542238,0.693424702235275,0.6435246995994659,0.6496062992125984,0.5676625659050967,0.5856842105263158,4,0.3180971728457786
279,0.0,0.08396817335364826,0.0,0.0,0.06229896732690032,0.061283223294396505,0.697138987641781,0.699277189443604,0.6735647530040053,0.6750830564784053,0.5766695957820738,0.5747075700728316,5,0.30286101235821883
280,0.12138141188420515,0.0,0.0,0.0,0.05417301506686978,0.05315727103436596,0.7005248010834603,0.7341848234410218,0.670894526034713,0.7060226595110316,0.6034710017574693,0.6478048780487805,5,0.2994751989165422
281,0.11139326223125101,0.0,0.0,0.0,0.04926358557643473,0.050110038936854506,0.7005248010834603,0.7341848234410218,0.670894526034713,0.7060226595110316,0.5764499121265377,0.6145541783286685,5,0.299475198916542
282,0.11579481970543426,0.0,0.00846453360419841,0.0,0.03775181987472498,0.0350431691213815,0.7001862197392924,0.7279987713100906,0.6769025367156208,0.7048780487804878,0.38532513181019334,0.48395426042050904,5,0.29981378026070926
283,0.10512950736414417,0.0,0.0,0.0,0.05248010834603012,0.05078720162519046,0.7005248010834603,0.7341848234410218,0.670894526034713,0.7060226595110316,0.5942442882249561,0.6366319102891993,5,0.29947519891654195
284,0.0,0.08447604536990017,0.0,0.0,0.07414931437277805,0.0711020822752666,0.697138987641781,0.699277189443604,0.6735647530040053,0.6750830564784053,0.5766695957820738,0.5747075700728316,5,0.30286101235821883
285,0.10631454206873203,0.0,0.0,0.0,0.050617910953106415,0.057389537836465165,0.7005248010834603,0.7341848234410218,0.670894526034713,0.7060226595110316,0.5764499121265377,0.6145541783286685,5,0.2994751989165416
286,0.07499576773319794,0.0,0.0,0.03724394785847296,0.04740138818351114,0.0,0.6786863043846284,0.6689919776770143,0.644192256341789,0.6222537207654146,0.5531634446397188,0.5389845874886673,4,0.32131369561537376
287,0.10529879803622821,0.0,0.0,0.0,0.05163365498561023,0.050110038936854506,0.7005248010834603,0.7341848234410218,0.670894526034713,0.7060226595110316,0.5942442882249561,0.6366319102891993,5,0.29947519891654123
288,0.03114948366345016,0.036905366514305094,0.0,0.0,0.07516505840528187,0.0668698154731674,0.7003555104113763,0.6959807626245277,0.670894526034713,0.6648538409245411,0.5760105448154658,0.567845947156292,5,0.2996444895886235
289,0.10936177416624338,0.0,0.0,0.0,0.05891315388522089,0.05552734044354157,0.7005248010834603,0.7341848234410218,0.670894526034713,0.7060226595110316,0.5942442882249561,0.6366319102891993,5,0.299475198916542
290,0.11664127306585403,0.0,0.0,0.0,0.05468088708312169,0.0514643643135263,0.7005248010834603,0.7341848234410218,0.670894526034713,0.7060226595110316,0.5764499121265377,0.6145541783286685,4,0.29947519891654245
291,0.07838158117487726,0.03995259861181644,0.0,0.0,0.06382258337565594,0.0,0.6813949551379719,0.7006045179764556,0.6495327102803738,0.6649649010848756,0.554481546572935,0.5735912531539108,4,0.31860504486202934
292,0.10648383274081596,0.0,0.0,0.0,0.051125782969358324,0.04706280683934316,0.7005248010834603,0.7341848234410218,0.670894526034713,0.7060226595110316,0.5927065026362038,0.6347517730496454,5,0.2994751989165411
293,0.0,0.08142881327238871,0.00507872016251909,0.0,0.0663619434569156,0.05315727103436607,0.6981547316742848,0.6956818569721795,0.6755674232309746,0.6707317073170732,0.546572934973638,0.5268225584594223,5,0.3018452683257151
294,0.13306246825799906,0.0,0.0,0.0,0.0,0.0,0.6377179617403081,0.6184022824536377,0.6068090787716955,0.5813788201847904,0.5360281195079086,0.519781718963165,2,0.36228203825969074
295,0.12510580667005244,0.0,0.0,0.0,0.0,0.06196038598273235,0.680717792449636,0.7021478205938092,0.6562082777036048,0.68032278088144,0.5797451669595782,0.6077506663932746,4,0.3192822075503665
296,0.13458608430675467,0.0,0.0,0.0,0.0,0.062468257998984256,0.680717792449636,0.7021478205938092,0.6562082777036048,0.68032278088144,0.5905096660808435,0.6215996751928542,4,0.3192822075503676
297,0.07922803453529714,0.0,0.0,0.01405112578296941,0.05298798036228203,0.03368884374470971,0.6986626036905367,0.711600777705768,0.6668891855807744,0.6749185667752443,0.5753514938488576,0.5874066168623265,5,0.30133739630946366
298,0.10512950736414417,0.0,0.0,0.0,0.05264939901811405,0.055019468427289664,0.7005248010834603,0.7341848234410218,0.670894526034713,0.7060226595110316,0.4446397188049209,0.5603478260869565,5,0.2994751989165413
299,0.0766886744540376,0.0,0.0,0.028440832910106684,0.039783307939732615,0.05975960724564078,0.7012019637717962,0.7205067300079177,0.6755674232309746,0.6912325285895807,0.5981985940246046,0.6226531875386837,5,0.29879803622820417
300,0.0,0.07838158117487726,0.0,0.0,0.07008633824276278,0.06094464195022853,0.697138987641781,0.699277189443604,0.6735647530040053,0.6750830564784053,0.5979789103690686,0.6045808124459809,5,0.30286101235821883
301,0.0,0.07804299983070939,0.0,0.0,0.06754697816150335,0.057897409852717074,0.697138987641781,0.699277189443604,0.6735647530040053,0.6750830564784053,0.5979789103690686,0.6045808124459809,5,0.30286101235822016
302,0.0,0.08109023192822074,0.0,0.00846453360419841,0.04926358557643473,0.06060606060606066,0.697138987641781,0.699277189443604,0.6735647530040053,0.6750830564784053,0.5979789103690686,0.6045808124459809,5,0.3028610123582202
303,0.0822752666328086,0.0,0.04012188928390048,0.0,0.03656678517013712,0.04520060944641957,0.6944303368884375,0.7045342936650844,0.6755674232309746,0.6827676240208878,0.22363796133567662,0.22838427947598253,5,0.30556966311156364
304,0.11579481970543415,0.0,0.0,0.0,0.05248010834603012,0.05214152700186214,0.7005248010834603,0.7341848234410218,0.670894526034713,0.7060226595110316,0.4461775043936731,0.5620983150946673,5,0.2994751989165414
305,0.0,0.05637379380396146,0.0,0.017606229896732772,0.05637379380396146,0.05535804977145764,0.6932453021838497,0.6868302799861735,0.6728971962616822,0.663923182441701,0.5924868189806678,0.5882352941176471,5,0.3067546978161514
306,0.10614525139664799,0.0,0.0,0.0,0.04977145759268664,0.049940748264770574,0.7005248010834603,0.7341848234410218,0.670894526034713,0.7060226595110316,0.5764499121265377,0.6145541783286685,5,0.2994751989165425
307,0.0,0.08616895209073983,0.0,0.0,0.08346030133739635,0.0,0.664973759945827,0.6231194058274614,0.6328437917222964,0.5807926829268293,0.5415202108963093,0.49060288015621184,3,0.3350262400541695
308,0.0,0.058913153885221003,0.0,0.005586592178770999,0.069239884882343,0.05942102590147291,0.6932453021838497,0.6868302799861735,0.6728971962616822,0.663923182441701,0.5746924428822495,0.5623869801084991,5,0.3067546978161514
309,0.11799559844252583,0.0,0.0,0.0,0.050617910953106415,0.05485017775520562,0.7005248010834603,0.7341848234410218,0.670894526034713,0.7060226595110316,0.5942442882249561,0.6366319102891993,5,0.29947519891654195
310,0.08379888268156432,0.0,0.019468427289656365,0.0,0.061791095310648414,0.05366514305061798,0.7028948704926359,0.7233170424089548,0.6728971962616822,0.6918238993710691,0.4742970123022847,0.4618844164605352,5,0.29710512950736584
311,0.11477907567293044,0.0,0.0,0.0,0.06534619942441167,0.0,0.6819028271542238,0.693424702235275,0.6435246995994659,0.6496062992125984,0.5676625659050967,0.5856842105263158,4,0.318097172845778
312,0.07364144235652614,0.0,0.0,0.03792111054680891,0.05095649229727439,0.0,0.6786863043846284,0.6689919776770143,0.644192256341789,0.6222537207654146,0.5531634446397188,0.5389845874886673,4,0.32131369561537454
313,0.07364144235652614,0.03910614525139666,0.0,0.0,0.04790926019976294,0.049432876248518665,0.6973082783138649,0.7363609554703627,0.6735647530040053,0.7142022209234365,0.5836994727592267,0.6282126741220325,5,0.30269172168613545
314,0.07939732520738108,0.0,0.0,0.04621635347892339,0.035381750465549366,0.036397494498053184,0.6986626036905367,0.711600777705768,0.6668891855807744,0.6749185667752443,0.5753514938488576,0.5874066168623265,5,0.3013373963094643
315,0.13018452683257153,0.002539360081259545,0.0,0.0,0.0570509564922973,0.054003724394785846,0.6981547316742848,0.7312735493594574,0.671562082777036,0.7060931899641577,0.6025922671353251,0.6464725425053742,5,0.30184526832571706
316,0.10885390214999147,0.0,0.0,0.0,0.05586592178770944,0.05163365498561023,0.7005248010834603,0.7341848234410218,0.670894526034713,0.7060226595110316,0.585676625659051,0.6260904044409199,5,0.2994751989165425
317,0.08803114948366342,0.03910614525139666,0.0,0.0,0.049432876248518665,0.05129507364144237,0.6973082783138649,0.7363609554703627,0.6735647530040053,0.7142022209234365,0.5984182776801406,0.6460108443067389,5,0.30269172168613545
318,0.0,0.07702725579820557,0.0,0.0,0.0711020822752666,0.06568478076857964,0.697138987641781,0.699277189443604,0.6735647530040053,0.6750830564784053,0.5801845342706503,0.5797228942159666,5,0.30286101235821883
319,0.11190113424750292,0.0,0.0,0.0,0.06094464195022853,0.0514643643135263,0.7005248010834603,0.7341848234410218,0.670894526034713,0.7060226595110316,0.5927065026362038,0.6347517730496454,5,0.2994751989165415
320,0.12205857457254099,-0.0008464533604198854,0.0,0.0,0.052310817673946186,0.0514643643135263,0.6978161503301168,0.730566037735849,0.6675567423230975,0.7014388489208633,0.5740333919156415,0.6111890916382595,5,0.3021838496698856
321,0.10546808870831215,0.0,0.0,0.006263754867106841,0.04689351616725923,0.042153377348908116,0.7018791264601321,0.7318410232983097,0.6662216288384513,0.6966019417475728,0.5735940246045694,0.6077995554657507,5,0.29812087353987
322,0.0,0.08583037074657185,0.007279498899610659,0.0,0.06416116471982392,0.049432876248518776,0.6981547316742848,0.6956818569721795,0.6755674232309746,0.6707317073170732,0.36599297012302284,0.44328703703703703,5,0.301845268325716
323,0.1071609954291518,0.0,0.0,0.0,0.04333841205349587,0.05468088708312169,0.7005248010834603,0.7341848234410218,0.670894526034713,0.7060226595110316,0.6034710017574693,0.6478048780487805,5,0.29947519891654184
